{"cameraMode":{"drawMode":0,"name":"Shaded","section":"Shading Mode"},"sceneLighting":false,"audioPlay":false,"sceneViewState":{"showFog":true,"showMaterialUpdate":false,"showSkybox":true,"showFlares":true,"showImageEffects":true,"showParticleSystems":true},"in2DMode":false,"pivot":{"x":1.0,"y":1.7500001192092896,"z":5.960464477539063e-8},"rotation":{"x":0.3341679275035858,"y":-0.41446274518966677,"z":0.16689836978912354,"w":0.8298779726028442},"size":2.857893943786621,"orthographic":false}